id, zipCode, website
1kr4ETK1zNnDQuS2teM_OA 28078 www.carbonationlkn.com
unZejbqN7f5K2zFDhoW66g 28078 www.bin110.com
SUaEbsKFSo33idJzQ9Dfjw 28078 www.lakenormancottage.com
KGbHEpZPwwZRrUzHBwkukA 28078 www.baravinsclt.com
LSv3e4b0Q5PNgNgRjo1uWA 28078 www.thecorkandcasknc.com
-WvZ8KTqgRnEvhRwzc-bvA 28078 www.Corkscrewwinepub.com
6OkrUovbGdN-bQuyxXcF9Q 28078 www.thebohemianclt.com
1Sz2RD2iBYqxvY-6WQRcQg 28078 www.drinklivemusic.com
Z_mJYg3vi8cPZHa1J4BALw 28078 www.kindreddavidson.com
aZRsfBKgDAOqb2oM5hAw6g 28078 www.davestevineyards.com
02Qfkp07uUSHvUE4VWmPWQ 28105 www.tapandvinestonecrest.com
FIfTzSWpWha3Y67Q9an6IQ 28105 www.matthewswinecellar.com
kUPlKgW6OLRw8_rrYtBV3A 28105 www.seaboardbrewing.com
KGbHEpZPwwZRrUzHBwkukA 28105 www.baravinsclt.com
V10zTD8DI5m6w-4AEPmU1A 28105 www.tapandvinenc.com
6OkrUovbGdN-bQuyxXcF9Q 28105 www.thebohemianclt.com
dI1grGUwk9juvARV7ca-eQ 28105 www.margauxswine.com
M4mNS2LZPjpzQyiJgL8znw 28105 www.aroojis.com
mdiTo1ovFCMy4-6_Y6I0rQ 28105 www.dilworthtr.com
ZwYhFeyU7H8196rPQYmLUg 28105 www.vintnerwinemarketnc.com
2KpyT9ZN2qtj1n3TX_bzYQ 28105 www.charbar7.com
XHrdHR8lPP6VKQVnMUdlhw 28105 www.queencitycraftandgourmet.com
pmrHuQiy25xKB86tbOLBlA 28105 www.santeofmatthews.com
kbNXYS9HljjLf-X8WaaCCg 28105 www.vintnershill.com
4I8-0DMV-UJvMFM_Zs_Y6g 28105 www.stumptownstation.com
-smCQexvjOUcxawJa-2TEA 28105 www.foxcroftwine.com
_ABVTPkUnbCWgBmakmKXMw 28105 www.vinmastercharlotte.com
J0L1Lq1eTSwDcrQZi9UaIQ 28134 www.corkscrewwinepub.com
OTyrlYVT7lwXXBRzA4bgNQ 28134 www.thesocialcorkwinebar.com
XHrdHR8lPP6VKQVnMUdlhw 28134 www.queencitycraftandgourmet.com
gQJCfZ1TYANwckKxI_EbtA 28134 www.tracksidecrafts.com
dI1grGUwk9juvARV7ca-eQ 28134 www.margauxswine.com
FyuHZxmIYgRYI0uB1TBG5w 28134 www.grapevinewinebar.com
02Qfkp07uUSHvUE4VWmPWQ 28134 www.tapandvinestonecrest.com
zKacC3jzdl9MJLkczFI6qg 28134 www.waldhorn.us
Err-UlwpMFaCIQ4mAVxmzQ 28134 www.foxcroftwine.com
-smCQexvjOUcxawJa-2TEA 28134 www.foxcroftwine.com
6OkrUovbGdN-bQuyxXcF9Q 28134 www.thebohemianclt.com
xOd7QPtJvFlUPj2dcvMIGw 28134 www.barcelonawinebar.com
lBf_TcBWS7XF-TA4qT8MgQ 28134 www.thewineshopatrivergate.com
XHzbkaVP4obqB-yFGdbJqQ 28134 www.theautopour.com
pWD-7GmdEJWBWxEk8QMOGw 28201 www.aa.com
0DaSqjKtm8JJEv2nmL4cgw 28201 www.hisshosushi.com
KGbHEpZPwwZRrUzHBwkukA 28202 www.baravinsclt.com
6OkrUovbGdN-bQuyxXcF9Q 28202 www.thebohemianclt.com
q3SnhYHFj8PPixEiKvG7dg 28202 www.rosieswinegarden.com
qKC_GUIn15tyDJSobM5INA 28202 www.elsewhereclt.com
K4ibWLIMnbqwLzVkAlHFzA 28202 www.1501southmintclt.com
rLyJUCwMM1POt7RnFnSASg 28202 www.stokecharlotte.com
Err-UlwpMFaCIQ4mAVxmzQ 28202 www.foxcroftwine.com
VWMSLDPCvfqjw5DDHShQkA 28202 www.wineloftcharlotte.com
gXYevYIEOvyrmc7gd35qrg 28202 www.poplarcharlotte.com
xOd7QPtJvFlUPj2dcvMIGw 28202 www.barcelonawinebar.com
_ABVTPkUnbCWgBmakmKXMw 28202 www.vinmastercharlotte.com
xjPcUJgyJ78lhkoQuNxbZA 28202 www.theartisanpalate.com
wN0oHGDoV-6n4DBZCiSd4w 28203 www.indacorestaurant.com
hNkYjJum12lhoPoydgNpBw 28203 www.eatsouthbound.com
Err-UlwpMFaCIQ4mAVxmzQ 28203 www.foxcroftwine.com
b1y6Hc10mYAgI4bhM1cfPQ 28203 www.stablehandclt.com
_ABVTPkUnbCWgBmakmKXMw 28203 www.vinmastercharlotte.com
6OkrUovbGdN-bQuyxXcF9Q 28203 www.thebohemianclt.com
xOd7QPtJvFlUPj2dcvMIGw 28203 www.barcelonawinebar.com
XHzbkaVP4obqB-yFGdbJqQ 28203 www.theautopour.com
K4ibWLIMnbqwLzVkAlHFzA 28203 www.1501southmintclt.com
VWMSLDPCvfqjw5DDHShQkA 28203 www.wineloftcharlotte.com
qKC_GUIn15tyDJSobM5INA 28203 www.elsewhereclt.com
gXYevYIEOvyrmc7gd35qrg 28203 www.poplarcharlotte.com
q3SnhYHFj8PPixEiKvG7dg 28203 www.rosieswinegarden.com
VWMSLDPCvfqjw5DDHShQkA 28204 www.wineloftcharlotte.com
q3SnhYHFj8PPixEiKvG7dg 28204 www.rosieswinegarden.com
KGbHEpZPwwZRrUzHBwkukA 28204 www.baravinsclt.com
JtGBRiMgIaJJCdwzjnkcaQ 28204 www.cltbutlerspantry.com
6OkrUovbGdN-bQuyxXcF9Q 28204 www.thebohemianclt.com
_ABVTPkUnbCWgBmakmKXMw 28204 www.vinmastercharlotte.com
gXYevYIEOvyrmc7gd35qrg 28204 www.poplarcharlotte.com
rLyJUCwMM1POt7RnFnSASg 28204 www.stokecharlotte.com
xOd7QPtJvFlUPj2dcvMIGw 28204 www.barcelonawinebar.com
Err-UlwpMFaCIQ4mAVxmzQ 28204 www.foxcroftwine.com
xjPcUJgyJ78lhkoQuNxbZA 28204 www.theartisanpalate.com
JtGBRiMgIaJJCdwzjnkcaQ 28205 www.cltbutlerspantry.com
UMmM7RmhJeAVBtXmccFGrQ 28205 www.thehobbyistclt.com
KGbHEpZPwwZRrUzHBwkukA 28205 www.baravinsclt.com
-C1TuPTKUq-s5VPAcg81Sg 28205 www.thecom
mdiTo1ovFCMy4-6_Y6I0rQ 28205 www.dilworthtr.com
_ABVTPkUnbCWgBmakmKXMw 28205 www.vinmastercharlotte.com
6OkrUovbGdN-bQuyxXcF9Q 28205 www.thebohemianclt.com
xjPcUJgyJ78lhkoQuNxbZA 28205 www.theartisanpalate.com
Err-UlwpMFaCIQ4mAVxmzQ 28205 www.foxcroftwine.com
xOd7QPtJvFlUPj2dcvMIGw 28205 www.barcelonawinebar.com
VWMSLDPCvfqjw5DDHShQkA 28205 www.wineloftcharlotte.com
Z7i4mWhFmc6I_l_Mtzin9g 28205 www.voloclt.com
wN0oHGDoV-6n4DBZCiSd4w 28205 www.indacorestaurant.com
gXYevYIEOvyrmc7gd35qrg 28205 www.poplarcharlotte.com
q3SnhYHFj8PPixEiKvG7dg 28205 www.rosieswinegarden.com
UMmM7RmhJeAVBtXmccFGrQ 28206 www.thehobbyistclt.com
VWMSLDPCvfqjw5DDHShQkA 28206 www.wineloftcharlotte.com
KGbHEpZPwwZRrUzHBwkukA 28206 www.baravinsclt.com
xjPcUJgyJ78lhkoQuNxbZA 28206 www.theartisanpalate.com
-C1TuPTKUq-s5VPAcg81Sg 28206 www.thecom
K4ibWLIMnbqwLzVkAlHFzA 28206 www.1501southmintclt.com
8urzIDhe73N3NQ8slm1Ngg 28206 www.headwino.com
xOd7QPtJvFlUPj2dcvMIGw 28206 www.barcelonawinebar.com
6OkrUovbGdN-bQuyxXcF9Q 28206 www.thebohemianclt.com
Err-UlwpMFaCIQ4mAVxmzQ 28206 www.foxcroftwine.com
q3SnhYHFj8PPixEiKvG7dg 28206 www.rosieswinegarden.com
gXYevYIEOvyrmc7gd35qrg 28206 www.poplarcharlotte.com
_ABVTPkUnbCWgBmakmKXMw 28206 www.vinmastercharlotte.com
rLyJUCwMM1POt7RnFnSASg 28206 www.stokecharlotte.com
JtGBRiMgIaJJCdwzjnkcaQ 28207 www.cltbutlerspantry.com
Z7i4mWhFmc6I_l_Mtzin9g 28207 www.voloclt.com
_ABVTPkUnbCWgBmakmKXMw 28207 www.vinmastercharlotte.com
VWMSLDPCvfqjw5DDHShQkA 28207 www.wineloftcharlotte.com
q3SnhYHFj8PPixEiKvG7dg 28207 www.rosieswinegarden.com
Err-UlwpMFaCIQ4mAVxmzQ 28207 www.foxcroftwine.com
xOd7QPtJvFlUPj2dcvMIGw 28207 www.barcelonawinebar.com
6OkrUovbGdN-bQuyxXcF9Q 28207 www.thebohemianclt.com
Z2KRi4lvZ5FG7FbYXxMFEA 28207 www.petitphilippe.com
Ava9H-t4scVmP7u_onh7pg 28207 www.napaonprovidence.com
XHzbkaVP4obqB-yFGdbJqQ 28207 www.theautopour.com
b1y6Hc10mYAgI4bhM1cfPQ 28207 www.stablehandclt.com
hNkYjJum12lhoPoydgNpBw 28207 www.eatsouthbound.com
dI1grGUwk9juvARV7ca-eQ 28208 www.margauxswine.com
KGbHEpZPwwZRrUzHBwkukA 28208 www.baravinsclt.com
8urzIDhe73N3NQ8slm1Ngg 28208 www.headwino.com
qKC_GUIn15tyDJSobM5INA 28208 www.elsewhereclt.com
kUPlKgW6OLRw8_rrYtBV3A 28208 www.seaboardbrewing.com
VWMSLDPCvfqjw5DDHShQkA 28208 www.wineloftcharlotte.com
b1y6Hc10mYAgI4bhM1cfPQ 28208 www.stablehandclt.com
Err-UlwpMFaCIQ4mAVxmzQ 28208 www.foxcroftwine.com
wN0oHGDoV-6n4DBZCiSd4w 28208 www.indacorestaurant.com
_ABVTPkUnbCWgBmakmKXMw 28208 www.vinmastercharlotte.com
xjPcUJgyJ78lhkoQuNxbZA 28208 www.theartisanpalate.com
xOd7QPtJvFlUPj2dcvMIGw 28208 www.barcelonawinebar.com
6OkrUovbGdN-bQuyxXcF9Q 28208 www.thebohemianclt.com
a3gVxyKKpYHPuUaKEDNjjg 28209 www.foxcroftwine.com
Z2KRi4lvZ5FG7FbYXxMFEA 28209 www.petitphilippe.com
hNkYjJum12lhoPoydgNpBw 28209 www.eatsouthbound.com
JtGBRiMgIaJJCdwzjnkcaQ 28209 www.cltbutlerspantry.com
Z7i4mWhFmc6I_l_Mtzin9g 28209 www.voloclt.com
b1y6Hc10mYAgI4bhM1cfPQ 28209 www.stablehandclt.com
q3SnhYHFj8PPixEiKvG7dg 28209 www.rosieswinegarden.com
mdiTo1ovFCMy4-6_Y6I0rQ 28209 www.dilworthtr.com
Err-UlwpMFaCIQ4mAVxmzQ 28209 www.foxcroftwine.com
6OkrUovbGdN-bQuyxXcF9Q 28209 www.thebohemianclt.com
wN0oHGDoV-6n4DBZCiSd4w 28209 www.indacorestaurant.com
xOd7QPtJvFlUPj2dcvMIGw 28209 www.barcelonawinebar.com
VWMSLDPCvfqjw5DDHShQkA 28209 www.wineloftcharlotte.com
hggVnGwA5042-ABxqeJX-A 28209 www.goodfoodonmontford.com
_ABVTPkUnbCWgBmakmKXMw 28209 www.vinmastercharlotte.com
XHzbkaVP4obqB-yFGdbJqQ 28209 www.theautopour.com
02Qfkp07uUSHvUE4VWmPWQ 28210 www.tapandvinestonecrest.com
a3gVxyKKpYHPuUaKEDNjjg 28210 www.foxcroftwine.com
hggVnGwA5042-ABxqeJX-A 28210 www.goodfoodonmontford.com
XHrdHR8lPP6VKQVnMUdlhw 28210 www.queencitycraftandgourmet.com
xOd7QPtJvFlUPj2dcvMIGw 28210 www.barcelonawinebar.com
JtGBRiMgIaJJCdwzjnkcaQ 28210 www.cltbutlerspantry.com
hNkYjJum12lhoPoydgNpBw 28210 www.eatsouthbound.com
Err-UlwpMFaCIQ4mAVxmzQ 28210 www.foxcroftwine.com
XHzbkaVP4obqB-yFGdbJqQ 28210 www.theautopour.com
lBf_TcBWS7XF-TA4qT8MgQ 28210 www.thewineshopatrivergate.com
mdiTo1ovFCMy4-6_Y6I0rQ 28210 www.dilworthtr.com
VWMSLDPCvfqjw5DDHShQkA 28210 www.wineloftcharlotte.com
6OkrUovbGdN-bQuyxXcF9Q 28210 www.thebohemianclt.com
dI1grGUwk9juvARV7ca-eQ 28210 www.margauxswine.com
PHhVmDYtI5Urtpd4hOKKiQ 28210 www.reids.com
_ABVTPkUnbCWgBmakmKXMw 28210 www.vinmastercharlotte.com
q3SnhYHFj8PPixEiKvG7dg 28210 www.rosieswinegarden.com
KGbHEpZPwwZRrUzHBwkukA 28210 www.baravinsclt.com
ZwYhFeyU7H8196rPQYmLUg 28211 www.vintnerwinemarketnc.com
JtGBRiMgIaJJCdwzjnkcaQ 28211 www.cltbutlerspantry.com
a3gVxyKKpYHPuUaKEDNjjg 28211 www.foxcroftwine.com
Err-UlwpMFaCIQ4mAVxmzQ 28211 www.foxcroftwine.com
kUPlKgW6OLRw8_rrYtBV3A 28211 www.seaboardbrewing.com
xOd7QPtJvFlUPj2dcvMIGw 28211 www.barcelonawinebar.com
VWMSLDPCvfqjw5DDHShQkA 28211 www.wineloftcharlotte.com
xjPcUJgyJ78lhkoQuNxbZA 28211 www.theartisanpalate.com
Z7i4mWhFmc6I_l_Mtzin9g 28211 www.voloclt.com
UMmM7RmhJeAVBtXmccFGrQ 28211 www.thehobbyistclt.com
Ava9H-t4scVmP7u_onh7pg 28211 www.napaonprovidence.com
wN0oHGDoV-6n4DBZCiSd4w 28211 www.indacorestaurant.com
6OkrUovbGdN-bQuyxXcF9Q 28211 www.thebohemianclt.com
mdiTo1ovFCMy4-6_Y6I0rQ 28211 www.dilworthtr.com
_ABVTPkUnbCWgBmakmKXMw 28211 www.vinmastercharlotte.com
JtGBRiMgIaJJCdwzjnkcaQ 28212 www.cltbutlerspantry.com
KGbHEpZPwwZRrUzHBwkukA 28212 www.baravinsclt.com
gXYevYIEOvyrmc7gd35qrg 28212 www.poplarcharlotte.com
FIfTzSWpWha3Y67Q9an6IQ 28212 www.matthewswinecellar.com
Ava9H-t4scVmP7u_onh7pg 28212 www.napaonprovidence.com
Err-UlwpMFaCIQ4mAVxmzQ 28212 www.foxcroftwine.com
4I8-0DMV-UJvMFM_Zs_Y6g 28212 www.stumptownstation.com
kUPlKgW6OLRw8_rrYtBV3A 28212 www.seaboardbrewing.com
q3SnhYHFj8PPixEiKvG7dg 28212 www.rosieswinegarden.com
kbNXYS9HljjLf-X8WaaCCg 28212 www.vintnershill.com
6OkrUovbGdN-bQuyxXcF9Q 28212 www.thebohemianclt.com
a3gVxyKKpYHPuUaKEDNjjg 28212 www.foxcroftwine.com
xjPcUJgyJ78lhkoQuNxbZA 28212 www.theartisanpalate.com
KGbHEpZPwwZRrUzHBwkukA 28213 www.baravinsclt.com
VWMSLDPCvfqjw5DDHShQkA 28213 www.wineloftcharlotte.com
xOd7QPtJvFlUPj2dcvMIGw 28213 www.barcelonawinebar.com
LSIUTl6SKopVjc_oR1OHVg 28213 www.goldenowltavern.com
-i9CozOnsWOl5eLj66602Q 28213 www.vortexbottleshop.com
8urzIDhe73N3NQ8slm1Ngg 28213 www.headwino.com
Err-UlwpMFaCIQ4mAVxmzQ 28213 www.foxcroftwine.com
xjPcUJgyJ78lhkoQuNxbZA 28213 www.theartisanpalate.com
q3SnhYHFj8PPixEiKvG7dg 28213 www.rosieswinegarden.com
_ABVTPkUnbCWgBmakmKXMw 28213 www.vinmastercharlotte.com
6OkrUovbGdN-bQuyxXcF9Q 28213 www.thebohemianclt.com
a3gVxyKKpYHPuUaKEDNjjg 28213 www.foxcroftwine.com
kUPlKgW6OLRw8_rrYtBV3A 28213 www.seaboardbrewing.com
wN0oHGDoV-6n4DBZCiSd4w 28213 www.indacorestaurant.com
KGbHEpZPwwZRrUzHBwkukA 28214 www.baravinsclt.com
_ABVTPkUnbCWgBmakmKXMw 28214 www.vinmastercharlotte.com
6OkrUovbGdN-bQuyxXcF9Q 28214 www.thebohemianclt.com
lwOuoY4YW1j9zl0RWIIP4A 28214 www.grapeandbarley.com
gXYevYIEOvyrmc7gd35qrg 28214 www.poplarcharlotte.com
HvAlm4bVVtJbYtfzQwskDw 28214 /biz_redir?url=https%3A%2F%2Flocations.harristeeter.com
Csv-wBZxdw57GOd5mhhBpw 28214 www.thirstydognc.com
-WvZ8KTqgRnEvhRwzc-bvA 28214 www.Corkscrewwinepub.com
wN0oHGDoV-6n4DBZCiSd4w 28214 www.indacorestaurant.com
a3gVxyKKpYHPuUaKEDNjjg 28214 www.foxcroftwine.com
hNkYjJum12lhoPoydgNpBw 28214 www.eatsouthbound.com
xOd7QPtJvFlUPj2dcvMIGw 28214 www.barcelonawinebar.com
Err-UlwpMFaCIQ4mAVxmzQ 28214 www.foxcroftwine.com
kfwAKuRFdWKRl42hpsimuQ 28214 www.stringbeanmarket.com
kbNXYS9HljjLf-X8WaaCCg 28215 www.vintnershill.com
kUPlKgW6OLRw8_rrYtBV3A 28215 www.seaboardbrewing.com
8urzIDhe73N3NQ8slm1Ngg 28215 www.headwino.com
-i9CozOnsWOl5eLj66602Q 28215 www.vortexbottleshop.com
KGbHEpZPwwZRrUzHBwkukA 28215 www.baravinsclt.com
JtGBRiMgIaJJCdwzjnkcaQ 28215 www.cltbutlerspantry.com
LSIUTl6SKopVjc_oR1OHVg 28215 www.goldenowltavern.com
dI1grGUwk9juvARV7ca-eQ 28215 www.margauxswine.com
FIfTzSWpWha3Y67Q9an6IQ 28215 www.matthewswinecellar.com
Err-UlwpMFaCIQ4mAVxmzQ 28215 www.foxcroftwine.com
xjPcUJgyJ78lhkoQuNxbZA 28215 www.theartisanpalate.com
6OkrUovbGdN-bQuyxXcF9Q 28215 www.thebohemianclt.com
_ABVTPkUnbCWgBmakmKXMw 28215 www.vinmastercharlotte.com
KGbHEpZPwwZRrUzHBwkukA 28216 www.baravinsclt.com
6OkrUovbGdN-bQuyxXcF9Q 28216 www.thebohemianclt.com
LSIUTl6SKopVjc_oR1OHVg 28216 www.goldenowltavern.com
LSv3e4b0Q5PNgNgRjo1uWA 28216 www.thecorkandcasknc.com
-WvZ8KTqgRnEvhRwzc-bvA 28216 www.Corkscrewwinepub.com
8urzIDhe73N3NQ8slm1Ngg 28216 www.headwino.com
kfwAKuRFdWKRl42hpsimuQ 28216 www.stringbeanmarket.com
q3SnhYHFj8PPixEiKvG7dg 28216 www.rosieswinegarden.com
UMmM7RmhJeAVBtXmccFGrQ 28216 www.thehobbyistclt.com
xOd7QPtJvFlUPj2dcvMIGw 28216 www.barcelonawinebar.com
HvAlm4bVVtJbYtfzQwskDw 28216 /biz_redir?url=https%3A%2F%2Flocations.harristeeter.com
_ABVTPkUnbCWgBmakmKXMw 28216 www.vinmastercharlotte.com
xjPcUJgyJ78lhkoQuNxbZA 28216 www.theartisanpalate.com
rLyJUCwMM1POt7RnFnSASg 28216 www.stokecharlotte.com
_ABVTPkUnbCWgBmakmKXMw 28217 www.vinmastercharlotte.com
mdiTo1ovFCMy4-6_Y6I0rQ 28217 www.dilworthtr.com
qKC_GUIn15tyDJSobM5INA 28217 www.elsewhereclt.com
Err-UlwpMFaCIQ4mAVxmzQ 28217 www.foxcroftwine.com
xOd7QPtJvFlUPj2dcvMIGw 28217 www.barcelonawinebar.com
XHzbkaVP4obqB-yFGdbJqQ 28217 www.theautopour.com
hNkYjJum12lhoPoydgNpBw 28217 www.eatsouthbound.com
VWMSLDPCvfqjw5DDHShQkA 28217 www.wineloftcharlotte.com
6OkrUovbGdN-bQuyxXcF9Q 28217 www.thebohemianclt.com
b1y6Hc10mYAgI4bhM1cfPQ 28217 www.stablehandclt.com
wN0oHGDoV-6n4DBZCiSd4w 28217 www.indacorestaurant.com
lBf_TcBWS7XF-TA4qT8MgQ 28217 www.thewineshopatrivergate.com
KGbHEpZPwwZRrUzHBwkukA 28218 www.baravinsclt.com
JtGBRiMgIaJJCdwzjnkcaQ 28218 www.cltbutlerspantry.com
Ava9H-t4scVmP7u_onh7pg 28218 www.napaonprovidence.com
QH2OSulslnQ7Yn8Xs81SPg 28218 www.growlerspourhouse.com
rPwpZhrVsMngVgERNexZ5Q 28218 /biz_redir?url=https%3A%2F%2Flocations.harristeeter.com
6OkrUovbGdN-bQuyxXcF9Q 28218 www.thebohemianclt.com
Z7i4mWhFmc6I_l_Mtzin9g 28218 www.voloclt.com
UMmM7RmhJeAVBtXmccFGrQ 28218 www.thehobbyistclt.com
q3SnhYHFj8PPixEiKvG7dg 28218 www.rosieswinegarden.com
iGFmS4A14HlaPL4XZKJUbQ 28218 www.pinhouseclt.com
-C1TuPTKUq-s5VPAcg81Sg 28218 www.thecom
xjPcUJgyJ78lhkoQuNxbZA 28218 www.theartisanpalate.com
S5c9C4BxutxPwpwYm5Aexw 28218 www.legionbrewing.com
pWD-7GmdEJWBWxEk8QMOGw 28219 www.aa.com
0DaSqjKtm8JJEv2nmL4cgw 28219 www.hisshosushi.com
OE_IDW5w_W97sBcZvq2Img 28220 /biz_redir?url=https%3A%2F%2Flocations.harristeeter.com
SaiduclstsnWUV7K7LDfsg 28220 www.totalwine.com
xWcFzMj1ekDoP1pg3IHPMQ 28220 www.reids.com
hggVnGwA5042-ABxqeJX-A 28220 www.goodfoodonmontford.com
Z2KRi4lvZ5FG7FbYXxMFEA 28220 www.petitphilippe.com
ZCsvwa_dsqNB8d8tYHPdjw 28220 www.halleyspub.com
unZejbqN7f5K2zFDhoW66g 28221 www.bin110.com
1Sz2RD2iBYqxvY-6WQRcQg 28221 www.drinklivemusic.com
xOd7QPtJvFlUPj2dcvMIGw 28221 www.barcelonawinebar.com
-WvZ8KTqgRnEvhRwzc-bvA 28221 www.Corkscrewwinepub.com
VWMSLDPCvfqjw5DDHShQkA 28221 www.wineloftcharlotte.com
Err-UlwpMFaCIQ4mAVxmzQ 28221 www.foxcroftwine.com
KGbHEpZPwwZRrUzHBwkukA 28221 www.baravinsclt.com
_ABVTPkUnbCWgBmakmKXMw 28221 www.vinmastercharlotte.com
Z_mJYg3vi8cPZHa1J4BALw 28221 www.kindreddavidson.com
6OkrUovbGdN-bQuyxXcF9Q 28221 www.thebohemianclt.com
JtGBRiMgIaJJCdwzjnkcaQ 28221 www.cltbutlerspantry.com
LSv3e4b0Q5PNgNgRjo1uWA 28221 www.thecorkandcasknc.com
8urzIDhe73N3NQ8slm1Ngg 28221 www.headwino.com
LSIUTl6SKopVjc_oR1OHVg 28221 www.goldenowltavern.com
gXYevYIEOvyrmc7gd35qrg 28221 www.poplarcharlotte.com
xjPcUJgyJ78lhkoQuNxbZA 28221 www.theartisanpalate.com
Z2KRi4lvZ5FG7FbYXxMFEA 28222 www.petitphilippe.com
JtGBRiMgIaJJCdwzjnkcaQ 28222 www.cltbutlerspantry.com
Ava9H-t4scVmP7u_onh7pg 28222 www.napaonprovidence.com
q0-7D4oXSiuue9hyUBezow 28222 www.carolinesoysterbar.com
6OkrUovbGdN-bQuyxXcF9Q 28222 www.thebohemianclt.com
PHhVmDYtI5Urtpd4hOKKiQ 28222 www.reids.com
q3SnhYHFj8PPixEiKvG7dg 28222 www.rosieswinegarden.com
Z7i4mWhFmc6I_l_Mtzin9g 28222 www.voloclt.com
Err-UlwpMFaCIQ4mAVxmzQ 28222 www.foxcroftwine.com
LSIUTl6SKopVjc_oR1OHVg 28223 www.goldenowltavern.com
-i9CozOnsWOl5eLj66602Q 28223 www.vortexbottleshop.com
8urzIDhe73N3NQ8slm1Ngg 28223 www.headwino.com
xjPcUJgyJ78lhkoQuNxbZA 28223 www.theartisanpalate.com
KGbHEpZPwwZRrUzHBwkukA 28223 www.baravinsclt.com
q3SnhYHFj8PPixEiKvG7dg 28223 www.rosieswinegarden.com
-C1TuPTKUq-s5VPAcg81Sg 28223 www.thecom
UMmM7RmhJeAVBtXmccFGrQ 28223 www.thehobbyistclt.com
_ABVTPkUnbCWgBmakmKXMw 28223 www.vinmastercharlotte.com
gXYevYIEOvyrmc7gd35qrg 28223 www.poplarcharlotte.com
VWMSLDPCvfqjw5DDHShQkA 28223 www.wineloftcharlotte.com
6OkrUovbGdN-bQuyxXcF9Q 28223 www.thebohemianclt.com
XHzbkaVP4obqB-yFGdbJqQ 28224 www.theautopour.com
ZCsvwa_dsqNB8d8tYHPdjw 28224 www.halleyspub.com
mdiTo1ovFCMy4-6_Y6I0rQ 28224 www.dilworthtr.com
Z2KRi4lvZ5FG7FbYXxMFEA 28224 www.petitphilippe.com
xWcFzMj1ekDoP1pg3IHPMQ 28224 www.reids.com
PHhVmDYtI5Urtpd4hOKKiQ 28224 www.reids.com
OE_IDW5w_W97sBcZvq2Img 28224 /biz_redir?url=https%3A%2F%2Flocations.harristeeter.com
SaiduclstsnWUV7K7LDfsg 28224 www.totalwine.com
hggVnGwA5042-ABxqeJX-A 28224 www.goodfoodonmontford.com
lBf_TcBWS7XF-TA4qT8MgQ 28226 www.thewineshopatrivergate.com
yIkLz1fz7wrrEb1fhoH6Uw 28226 www.grapeandagave.com
02Qfkp07uUSHvUE4VWmPWQ 28226 www.tapandvinestonecrest.com
M4mNS2LZPjpzQyiJgL8znw 28226 www.aroojis.com
J0L1Lq1eTSwDcrQZi9UaIQ 28226 www.corkscrewwinepub.com
xOd7QPtJvFlUPj2dcvMIGw 28226 www.barcelonawinebar.com
JtGBRiMgIaJJCdwzjnkcaQ 28226 www.cltbutlerspantry.com
mdiTo1ovFCMy4-6_Y6I0rQ 28226 www.dilworthtr.com
gQJCfZ1TYANwckKxI_EbtA 28226 www.tracksidecrafts.com
-smCQexvjOUcxawJa-2TEA 28226 www.foxcroftwine.com
_ABVTPkUnbCWgBmakmKXMw 28226 www.vinmastercharlotte.com
XHrdHR8lPP6VKQVnMUdlhw 28226 www.queencitycraftandgourmet.com
zKacC3jzdl9MJLkczFI6qg 28226 www.waldhorn.us
ZwYhFeyU7H8196rPQYmLUg 28226 www.vintnerwinemarketnc.com
a3gVxyKKpYHPuUaKEDNjjg 28226 www.foxcroftwine.com
dI1grGUwk9juvARV7ca-eQ 28226 www.margauxswine.com
6OkrUovbGdN-bQuyxXcF9Q 28226 www.thebohemianclt.com
kbNXYS9HljjLf-X8WaaCCg 28227 www.vintnershill.com
M4mNS2LZPjpzQyiJgL8znw 28227 www.aroojis.com
-smCQexvjOUcxawJa-2TEA 28227 www.foxcroftwine.com
mdiTo1ovFCMy4-6_Y6I0rQ 28227 www.dilworthtr.com
kUPlKgW6OLRw8_rrYtBV3A 28227 www.seaboardbrewing.com
FIfTzSWpWha3Y67Q9an6IQ 28227 www.matthewswinecellar.com
KGbHEpZPwwZRrUzHBwkukA 28227 www.baravinsclt.com
JtGBRiMgIaJJCdwzjnkcaQ 28227 www.cltbutlerspantry.com
6OkrUovbGdN-bQuyxXcF9Q 28227 www.thebohemianclt.com
LSIUTl6SKopVjc_oR1OHVg 28227 www.goldenowltavern.com
pmrHuQiy25xKB86tbOLBlA 28227 www.santeofmatthews.com
8urzIDhe73N3NQ8slm1Ngg 28227 www.headwino.com
T7MRk8fxSBJD_c5qhHDe7w 28227 www.rockyrivervineyards.com
yIkLz1fz7wrrEb1fhoH6Uw 28227 www.grapeandagave.com
-i9CozOnsWOl5eLj66602Q 28227 www.vortexbottleshop.com
xjPcUJgyJ78lhkoQuNxbZA 28227 www.theartisanpalate.com
02Qfkp07uUSHvUE4VWmPWQ 28227 www.tapandvinestonecrest.com
4I8-0DMV-UJvMFM_Zs_Y6g 28227 www.stumptownstation.com
b1y6Hc10mYAgI4bhM1cfPQ 28228 www.stablehandclt.com
0DaSqjKtm8JJEv2nmL4cgw 28228 www.hisshosushi.com
pWD-7GmdEJWBWxEk8QMOGw 28228 www.aa.com
zibinklC3wVDRMhMOsDsoA 28228 /biz_redir?url=https%3A%2F%2Flocations.harristeeter.com
yIkLz1fz7wrrEb1fhoH6Uw 28229 www.grapeandagave.com
02Qfkp07uUSHvUE4VWmPWQ 28229 www.tapandvinestonecrest.com
8urzIDhe73N3NQ8slm1Ngg 28229 www.headwino.com
FIfTzSWpWha3Y67Q9an6IQ 28229 www.matthewswinecellar.com
LSIUTl6SKopVjc_oR1OHVg 28229 www.goldenowltavern.com
_ABVTPkUnbCWgBmakmKXMw 28229 www.vinmastercharlotte.com
-smCQexvjOUcxawJa-2TEA 28229 www.foxcroftwine.com
KGbHEpZPwwZRrUzHBwkukA 28229 www.baravinsclt.com
kbNXYS9HljjLf-X8WaaCCg 28229 www.vintnershill.com
q3SnhYHFj8PPixEiKvG7dg 28229 www.rosieswinegarden.com
a3gVxyKKpYHPuUaKEDNjjg 28229 www.foxcroftwine.com
6OkrUovbGdN-bQuyxXcF9Q 28229 www.thebohemianclt.com
dI1grGUwk9juvARV7ca-eQ 28229 www.margauxswine.com
XHrdHR8lPP6VKQVnMUdlhw 28229 www.queencitycraftandgourmet.com
xOd7QPtJvFlUPj2dcvMIGw 28229 www.barcelonawinebar.com
mdiTo1ovFCMy4-6_Y6I0rQ 28229 www.dilworthtr.com
xjPcUJgyJ78lhkoQuNxbZA 28229 www.theartisanpalate.com
XZ3mhYC1L-0wK8N725I3Ig 28230 www.roxburynightclub.com
5fquJHY2hMX9tPRD5s0t5g 28230 /biz_redir?url=https%3A%2F%2Froosterskitchen.com
C2veQL0JHnibpIwUTZ_EgA 28230 www.paperplanedeliandmarket.com
3ma_7W3vZSD2fd6EosN3yQ 28230 www.bigbenpub.com
q3SnhYHFj8PPixEiKvG7dg 28230 www.rosieswinegarden.com
C2veQL0JHnibpIwUTZ_EgA 28231 www.paperplanedeliandmarket.com
ATMiPNPxN-g1ra7nar5prA 28231 www.flemingssteakhouse.com
XZ3mhYC1L-0wK8N725I3Ig 28231 www.roxburynightclub.com
3ma_7W3vZSD2fd6EosN3yQ 28231 www.bigbenpub.com
D9lD94DxHYi3lKBhLf_KCg 28231 www.thebellaciao.com
5fquJHY2hMX9tPRD5s0t5g 28231 /biz_redir?url=https%3A%2F%2Froosterskitchen.com
q3SnhYHFj8PPixEiKvG7dg 28231 www.rosieswinegarden.com
TH_hGGgVIEBtexcpffZXgQ 28231 /biz_redir?url=https%3A%2F%2Flocations.harristeeter.com
rLyJUCwMM1POt7RnFnSASg 28231 www.stokecharlotte.com
3ma_7W3vZSD2fd6EosN3yQ 28232 www.bigbenpub.com
TH_hGGgVIEBtexcpffZXgQ 28232 /biz_redir?url=https%3A%2F%2Flocations.harristeeter.com
q3SnhYHFj8PPixEiKvG7dg 28232 www.rosieswinegarden.com
D9lD94DxHYi3lKBhLf_KCg 28232 www.thebellaciao.com
C2veQL0JHnibpIwUTZ_EgA 28232 www.paperplanedeliandmarket.com
XZ3mhYC1L-0wK8N725I3Ig 28232 www.roxburynightclub.com
5fquJHY2hMX9tPRD5s0t5g 28232 /biz_redir?url=https%3A%2F%2Froosterskitchen.com
rLyJUCwMM1POt7RnFnSASg 28232 www.stokecharlotte.com
ATMiPNPxN-g1ra7nar5prA 28232 www.flemingssteakhouse.com
D9lD94DxHYi3lKBhLf_KCg 28233 www.thebellaciao.com
TH_hGGgVIEBtexcpffZXgQ 28233 /biz_redir?url=https%3A%2F%2Flocations.harristeeter.com
C2veQL0JHnibpIwUTZ_EgA 28233 www.paperplanedeliandmarket.com
5fquJHY2hMX9tPRD5s0t5g 28233 /biz_redir?url=https%3A%2F%2Froosterskitchen.com
XZ3mhYC1L-0wK8N725I3Ig 28233 www.roxburynightclub.com
rLyJUCwMM1POt7RnFnSASg 28233 www.stokecharlotte.com
q3SnhYHFj8PPixEiKvG7dg 28233 www.rosieswinegarden.com
ATMiPNPxN-g1ra7nar5prA 28233 www.flemingssteakhouse.com
3ma_7W3vZSD2fd6EosN3yQ 28233 www.bigbenpub.com
5fquJHY2hMX9tPRD5s0t5g 28234 /biz_redir?url=https%3A%2F%2Froosterskitchen.com
D9lD94DxHYi3lKBhLf_KCg 28234 www.thebellaciao.com
rLyJUCwMM1POt7RnFnSASg 28234 www.stokecharlotte.com
TH_hGGgVIEBtexcpffZXgQ 28234 /biz_redir?url=https%3A%2F%2Flocations.harristeeter.com
XZ3mhYC1L-0wK8N725I3Ig 28234 www.roxburynightclub.com
ATMiPNPxN-g1ra7nar5prA 28234 www.flemingssteakhouse.com
C2veQL0JHnibpIwUTZ_EgA 28234 www.paperplanedeliandmarket.com
3ma_7W3vZSD2fd6EosN3yQ 28234 www.bigbenpub.com
q3SnhYHFj8PPixEiKvG7dg 28234 www.rosieswinegarden.com
D9lD94DxHYi3lKBhLf_KCg 28235 www.thebellaciao.com
XZ3mhYC1L-0wK8N725I3Ig 28235 www.roxburynightclub.com
C2veQL0JHnibpIwUTZ_EgA 28235 www.paperplanedeliandmarket.com
5fquJHY2hMX9tPRD5s0t5g 28235 /biz_redir?url=https%3A%2F%2Froosterskitchen.com
rLyJUCwMM1POt7RnFnSASg 28235 www.stokecharlotte.com
q3SnhYHFj8PPixEiKvG7dg 28235 www.rosieswinegarden.com
3ma_7W3vZSD2fd6EosN3yQ 28235 www.bigbenpub.com
TH_hGGgVIEBtexcpffZXgQ 28235 /biz_redir?url=https%3A%2F%2Flocations.harristeeter.com
ATMiPNPxN-g1ra7nar5prA 28235 www.flemingssteakhouse.com
3ma_7W3vZSD2fd6EosN3yQ 28236 www.bigbenpub.com
C2veQL0JHnibpIwUTZ_EgA 28236 www.paperplanedeliandmarket.com
TH_hGGgVIEBtexcpffZXgQ 28236 /biz_redir?url=https%3A%2F%2Flocations.harristeeter.com
rLyJUCwMM1POt7RnFnSASg 28236 www.stokecharlotte.com
q3SnhYHFj8PPixEiKvG7dg 28236 www.rosieswinegarden.com
D9lD94DxHYi3lKBhLf_KCg 28236 www.thebellaciao.com
XZ3mhYC1L-0wK8N725I3Ig 28236 www.roxburynightclub.com
ATMiPNPxN-g1ra7nar5prA 28236 www.flemingssteakhouse.com
5fquJHY2hMX9tPRD5s0t5g 28236 /biz_redir?url=https%3A%2F%2Froosterskitchen.com
C2veQL0JHnibpIwUTZ_EgA 28237 www.paperplanedeliandmarket.com
5fquJHY2hMX9tPRD5s0t5g 28237 /biz_redir?url=https%3A%2F%2Froosterskitchen.com
TH_hGGgVIEBtexcpffZXgQ 28237 /biz_redir?url=https%3A%2F%2Flocations.harristeeter.com
3ma_7W3vZSD2fd6EosN3yQ 28237 www.bigbenpub.com
D9lD94DxHYi3lKBhLf_KCg 28237 www.thebellaciao.com
rLyJUCwMM1POt7RnFnSASg 28237 www.stokecharlotte.com
q3SnhYHFj8PPixEiKvG7dg 28237 www.rosieswinegarden.com
XZ3mhYC1L-0wK8N725I3Ig 28237 www.roxburynightclub.com
ATMiPNPxN-g1ra7nar5prA 28237 www.flemingssteakhouse.com
dI1grGUwk9juvARV7ca-eQ 28241 www.margauxswine.com
gQJCfZ1TYANwckKxI_EbtA 28241 www.tracksidecrafts.com
zKacC3jzdl9MJLkczFI6qg 28241 www.waldhorn.us
iyFS4twFjCKfaKl7kUl3sg 28241 www.harrysgrilleandtavern.com
SZ88QygottFtKHrk8XRvSQ 28242 www.deanssteakhouse.com
rv0-ZcAbWkvpomaK0BhQrA 28242 www.finandfino.com
csp7yhSDFkjdEKKGG7n6NA 28242 www.valhallapub.com
UN46P4ntMqqRzRIo5fRxjg 28242 www.reids.com
XZ3mhYC1L-0wK8N725I3Ig 28243 www.roxburynightclub.com
XZ3mhYC1L-0wK8N725I3Ig 28244 www.roxburynightclub.com
5fquJHY2hMX9tPRD5s0t5g 28244 /biz_redir?url=https%3A%2F%2Froosterskitchen.com
rLyJUCwMM1POt7RnFnSASg 28244 www.stokecharlotte.com
rv0-ZcAbWkvpomaK0BhQrA 28244 www.finandfino.com
SZ88QygottFtKHrk8XRvSQ 28244 www.deanssteakhouse.com
csp7yhSDFkjdEKKGG7n6NA 28244 www.valhallapub.com
D9lD94DxHYi3lKBhLf_KCg 28244 www.thebellaciao.com
q0-7D4oXSiuue9hyUBezow 28244 www.carolinesoysterbar.com
ATMiPNPxN-g1ra7nar5prA 28244 www.flemingssteakhouse.com
UN46P4ntMqqRzRIo5fRxjg 28244 www.reids.com
ATMiPNPxN-g1ra7nar5prA 28246 www.flemingssteakhouse.com
D9lD94DxHYi3lKBhLf_KCg 28246 www.thebellaciao.com
XZ3mhYC1L-0wK8N725I3Ig 28246 www.roxburynightclub.com
rLyJUCwMM1POt7RnFnSASg 28246 www.stokecharlotte.com
5fquJHY2hMX9tPRD5s0t5g 28246 /biz_redir?url=https%3A%2F%2Froosterskitchen.com
02Qfkp07uUSHvUE4VWmPWQ 28247 www.tapandvinestonecrest.com
yIkLz1fz7wrrEb1fhoH6Uw 28247 www.grapeandagave.com
ij_czg0xkJR6xvnQdgnMDA 28247 /biz_redir?url=https%3A%2F%2Flocations.harristeeter.com
zKacC3jzdl9MJLkczFI6qg 28247 www.waldhorn.us
gQJCfZ1TYANwckKxI_EbtA 28247 www.tracksidecrafts.com
lPZ6RQ_jj9xlhvLEB3c4Wg 28247 www.hawthornespizza.com
dI1grGUwk9juvARV7ca-eQ 28247 www.margauxswine.com
bfdnQ1Qepq1H7kAKKw1e-w 28250 www.laceciliadeallende.com
bHO_-Ms1Aa2J9isJPFud-Q 28250 www.vinostierradebarros.com
ccflMOOcRf8RfWhuvl0dYw 28250 www.panoramaoysterbar.com
_gP6EOGEaml48fUnhHDuew 28250 www.restaurantevinosyviandas.com
PYU4sP7oJ2eXcx-7uiiweA 28250 www.enotecabarolo.com
md_Wfx4tPnRleAaoTaN_9w 28250 www.laardosa.com
-53bjQfNRpWFwmNi_VmZbw 28250 www.vinoteca-barbechera.com
xOd7QPtJvFlUPj2dcvMIGw 28253 www.barcelonawinebar.com
8urzIDhe73N3NQ8slm1Ngg 28253 www.headwino.com
KGbHEpZPwwZRrUzHBwkukA 28253 www.baravinsclt.com
unZejbqN7f5K2zFDhoW66g 28253 www.bin110.com
_ABVTPkUnbCWgBmakmKXMw 28253 www.vinmastercharlotte.com
LSv3e4b0Q5PNgNgRjo1uWA 28253 www.thecorkandcasknc.com
6OkrUovbGdN-bQuyxXcF9Q 28253 www.thebohemianclt.com
VWMSLDPCvfqjw5DDHShQkA 28253 www.wineloftcharlotte.com
xjPcUJgyJ78lhkoQuNxbZA 28253 www.theartisanpalate.com
gXYevYIEOvyrmc7gd35qrg 28253 www.poplarcharlotte.com
LSIUTl6SKopVjc_oR1OHVg 28253 www.goldenowltavern.com
q3SnhYHFj8PPixEiKvG7dg 28253 www.rosieswinegarden.com
wN0oHGDoV-6n4DBZCiSd4w 28253 www.indacorestaurant.com
hNkYjJum12lhoPoydgNpBw 28254 www.eatsouthbound.com
ACF07iqv2zZtmeFlWYvRzg 28254 www.paraclt.com
pWD-7GmdEJWBWxEk8QMOGw 28254 www.aa.com
b1y6Hc10mYAgI4bhM1cfPQ 28254 www.stablehandclt.com
zibinklC3wVDRMhMOsDsoA 28254 /biz_redir?url=https%3A%2F%2Flocations.harristeeter.com
0DaSqjKtm8JJEv2nmL4cgw 28254 www.hisshosushi.com
XZ3mhYC1L-0wK8N725I3Ig 28255 www.roxburynightclub.com
wArcCMVnrl_tc9MULW-0CQ 28256 www.heistbrewery.com
KGbHEpZPwwZRrUzHBwkukA 28256 www.baravinsclt.com
8urzIDhe73N3NQ8slm1Ngg 28256 www.headwino.com
xjPcUJgyJ78lhkoQuNxbZA 28256 www.theartisanpalate.com
QH2OSulslnQ7Yn8Xs81SPg 28256 www.growlerspourhouse.com
UMmM7RmhJeAVBtXmccFGrQ 28256 www.thehobbyistclt.com
LSIUTl6SKopVjc_oR1OHVg 28256 www.goldenowltavern.com
-C1TuPTKUq-s5VPAcg81Sg 28256 www.thecom
XZ3mhYC1L-0wK8N725I3Ig 28258 www.roxburynightclub.com
XZ3mhYC1L-0wK8N725I3Ig 28260 www.roxburynightclub.com
LSv3e4b0Q5PNgNgRjo1uWA 28262 www.thecorkandcasknc.com
KGbHEpZPwwZRrUzHBwkukA 28262 www.baravinsclt.com
q3SnhYHFj8PPixEiKvG7dg 28262 www.rosieswinegarden.com
6OkrUovbGdN-bQuyxXcF9Q 28262 www.thebohemianclt.com
gXYevYIEOvyrmc7gd35qrg 28262 www.poplarcharlotte.com
LSIUTl6SKopVjc_oR1OHVg 28262 www.goldenowltavern.com
8urzIDhe73N3NQ8slm1Ngg 28262 www.headwino.com
-C1TuPTKUq-s5VPAcg81Sg 28262 www.thecom
UMmM7RmhJeAVBtXmccFGrQ 28262 www.thehobbyistclt.com
VWMSLDPCvfqjw5DDHShQkA 28262 www.wineloftcharlotte.com
xjPcUJgyJ78lhkoQuNxbZA 28262 www.theartisanpalate.com
_ABVTPkUnbCWgBmakmKXMw 28262 www.vinmastercharlotte.com
yIkLz1fz7wrrEb1fhoH6Uw 28263 www.grapeandagave.com
8urzIDhe73N3NQ8slm1Ngg 28263 www.headwino.com
mdiTo1ovFCMy4-6_Y6I0rQ 28263 www.dilworthtr.com
LSIUTl6SKopVjc_oR1OHVg 28263 www.goldenowltavern.com
XHrdHR8lPP6VKQVnMUdlhw 28263 www.queencitycraftandgourmet.com
FIfTzSWpWha3Y67Q9an6IQ 28263 www.matthewswinecellar.com
02Qfkp07uUSHvUE4VWmPWQ 28263 www.tapandvinestonecrest.com
JtGBRiMgIaJJCdwzjnkcaQ 28263 www.cltbutlerspantry.com
a3gVxyKKpYHPuUaKEDNjjg 28263 www.foxcroftwine.com
6OkrUovbGdN-bQuyxXcF9Q 28263 www.thebohemianclt.com
kbNXYS9HljjLf-X8WaaCCg 28263 www.vintnershill.com
_ABVTPkUnbCWgBmakmKXMw 28263 www.vinmastercharlotte.com
xjPcUJgyJ78lhkoQuNxbZA 28263 www.theartisanpalate.com
ZwYhFeyU7H8196rPQYmLUg 28263 www.vintnerwinemarketnc.com
-smCQexvjOUcxawJa-2TEA 28263 www.foxcroftwine.com
KGbHEpZPwwZRrUzHBwkukA 28263 www.baravinsclt.com
kUPlKgW6OLRw8_rrYtBV3A 28263 www.seaboardbrewing.com
XZ3mhYC1L-0wK8N725I3Ig 28265 www.roxburynightclub.com
pWD-7GmdEJWBWxEk8QMOGw 28266 www.aa.com
0DaSqjKtm8JJEv2nmL4cgw 28266 www.hisshosushi.com
unZejbqN7f5K2zFDhoW66g 28269 www.bin110.com
-WvZ8KTqgRnEvhRwzc-bvA 28269 www.Corkscrewwinepub.com
8urzIDhe73N3NQ8slm1Ngg 28269 www.headwino.com
SUaEbsKFSo33idJzQ9Dfjw 28269 www.lakenormancottage.com
LSv3e4b0Q5PNgNgRjo1uWA 28269 www.thecorkandcasknc.com
Z_mJYg3vi8cPZHa1J4BALw 28269 www.kindreddavidson.com
Err-UlwpMFaCIQ4mAVxmzQ 28269 www.foxcroftwine.com
KGbHEpZPwwZRrUzHBwkukA 28269 www.baravinsclt.com
_ABVTPkUnbCWgBmakmKXMw 28269 www.vinmastercharlotte.com
xjPcUJgyJ78lhkoQuNxbZA 28269 www.theartisanpalate.com
xOd7QPtJvFlUPj2dcvMIGw 28269 www.barcelonawinebar.com
6OkrUovbGdN-bQuyxXcF9Q 28269 www.thebohemianclt.com
1Sz2RD2iBYqxvY-6WQRcQg 28269 www.drinklivemusic.com
LSIUTl6SKopVjc_oR1OHVg 28269 www.goldenowltavern.com
yIkLz1fz7wrrEb1fhoH6Uw 28270 www.grapeandagave.com
4I8-0DMV-UJvMFM_Zs_Y6g 28270 www.stumptownstation.com
02Qfkp07uUSHvUE4VWmPWQ 28270 www.tapandvinestonecrest.com
ZwYhFeyU7H8196rPQYmLUg 28270 www.vintnerwinemarketnc.com
M4mNS2LZPjpzQyiJgL8znw 28270 www.aroojis.com
JtGBRiMgIaJJCdwzjnkcaQ 28270 www.cltbutlerspantry.com
kUPlKgW6OLRw8_rrYtBV3A 28270 www.seaboardbrewing.com
FIfTzSWpWha3Y67Q9an6IQ 28270 www.matthewswinecellar.com
kbNXYS9HljjLf-X8WaaCCg 28270 www.vintnershill.com
mdiTo1ovFCMy4-6_Y6I0rQ 28270 www.dilworthtr.com
VWMSLDPCvfqjw5DDHShQkA 28270 www.wineloftcharlotte.com
6OkrUovbGdN-bQuyxXcF9Q 28270 www.thebohemianclt.com
_ABVTPkUnbCWgBmakmKXMw 28270 www.vinmastercharlotte.com
-smCQexvjOUcxawJa-2TEA 28270 www.foxcroftwine.com
dI1grGUwk9juvARV7ca-eQ 28270 www.margauxswine.com
XHrdHR8lPP6VKQVnMUdlhw 28270 www.queencitycraftandgourmet.com
Err-UlwpMFaCIQ4mAVxmzQ 28270 www.foxcroftwine.com
XZ3mhYC1L-0wK8N725I3Ig 28271 www.roxburynightclub.com
XZ3mhYC1L-0wK8N725I3Ig 28272 www.roxburynightclub.com
OTyrlYVT7lwXXBRzA4bgNQ 28273 www.thesocialcorkwinebar.com
02Qfkp07uUSHvUE4VWmPWQ 28273 www.tapandvinestonecrest.com
Err-UlwpMFaCIQ4mAVxmzQ 28273 www.foxcroftwine.com
dI1grGUwk9juvARV7ca-eQ 28273 www.margauxswine.com
iyFS4twFjCKfaKl7kUl3sg 28273 www.harrysgrilleandtavern.com
J0L1Lq1eTSwDcrQZi9UaIQ 28273 www.corkscrewwinepub.com
lBf_TcBWS7XF-TA4qT8MgQ 28273 www.thewineshopatrivergate.com
lwOuoY4YW1j9zl0RWIIP4A 28273 www.grapeandbarley.com
yIkLz1fz7wrrEb1fhoH6Uw 28273 www.grapeandagave.com
_ABVTPkUnbCWgBmakmKXMw 28273 www.vinmastercharlotte.com
6OkrUovbGdN-bQuyxXcF9Q 28273 www.thebohemianclt.com
-smCQexvjOUcxawJa-2TEA 28273 www.foxcroftwine.com
XHzbkaVP4obqB-yFGdbJqQ 28273 www.theautopour.com
q3SnhYHFj8PPixEiKvG7dg 28273 www.rosieswinegarden.com
a3gVxyKKpYHPuUaKEDNjjg 28273 www.foxcroftwine.com
wN0oHGDoV-6n4DBZCiSd4w 28273 www.indacorestaurant.com
VWMSLDPCvfqjw5DDHShQkA 28273 www.wineloftcharlotte.com
ZCsvwa_dsqNB8d8tYHPdjw 28274 www.halleyspub.com
TnQNwhPsHPOuLd7d6G6UpA 28274 /biz_redir?url=https%3A%2F%2Flocations.harristeeter.com
Ava9H-t4scVmP7u_onh7pg 28274 www.napaonprovidence.com
Z7i4mWhFmc6I_l_Mtzin9g 28274 www.voloclt.com
OE_IDW5w_W97sBcZvq2Img 28274 /biz_redir?url=https%3A%2F%2Flocations.harristeeter.com
SaiduclstsnWUV7K7LDfsg 28274 www.totalwine.com
Z2KRi4lvZ5FG7FbYXxMFEA 28274 www.petitphilippe.com
kRhjWeAPs-U5RmakIKz0Pg 28274 www.tybercreekpub.com
Err-UlwpMFaCIQ4mAVxmzQ 28274 www.foxcroftwine.com
xWcFzMj1ekDoP1pg3IHPMQ 28274 www.reids.com
hggVnGwA5042-ABxqeJX-A 28274 www.goodfoodonmontford.com
XZ3mhYC1L-0wK8N725I3Ig 28275 www.roxburynightclub.com
yIkLz1fz7wrrEb1fhoH6Uw 28277 www.grapeandagave.com
OTyrlYVT7lwXXBRzA4bgNQ 28277 www.thesocialcorkwinebar.com
dI1grGUwk9juvARV7ca-eQ 28277 www.margauxswine.com
-smCQexvjOUcxawJa-2TEA 28277 www.foxcroftwine.com
02Qfkp07uUSHvUE4VWmPWQ 28277 www.tapandvinestonecrest.com
a3gVxyKKpYHPuUaKEDNjjg 28277 www.foxcroftwine.com
V10zTD8DI5m6w-4AEPmU1A 28277 www.tapandvinenc.com
mdiTo1ovFCMy4-6_Y6I0rQ 28277 www.dilworthtr.com
ZwYhFeyU7H8196rPQYmLUg 28277 www.vintnerwinemarketnc.com
M4mNS2LZPjpzQyiJgL8znw 28277 www.aroojis.com
kUPlKgW6OLRw8_rrYtBV3A 28277 www.seaboardbrewing.com
XHrdHR8lPP6VKQVnMUdlhw 28277 www.queencitycraftandgourmet.com
kD_bdvRFIxW0BF2BPnQTDA 28277 www.rendezbrewcafe.com
xOd7QPtJvFlUPj2dcvMIGw 28277 www.barcelonawinebar.com
dI1grGUwk9juvARV7ca-eQ 28278 www.margauxswine.com
6OkrUovbGdN-bQuyxXcF9Q 28278 www.thebohemianclt.com
xOd7QPtJvFlUPj2dcvMIGw 28278 www.barcelonawinebar.com
OTyrlYVT7lwXXBRzA4bgNQ 28278 www.thesocialcorkwinebar.com
lwOuoY4YW1j9zl0RWIIP4A 28278 www.grapeandbarley.com
J0L1Lq1eTSwDcrQZi9UaIQ 28278 www.corkscrewwinepub.com
_ABVTPkUnbCWgBmakmKXMw 28278 www.vinmastercharlotte.com
02Qfkp07uUSHvUE4VWmPWQ 28278 www.tapandvinestonecrest.com
lBf_TcBWS7XF-TA4qT8MgQ 28278 www.thewineshopatrivergate.com
FyuHZxmIYgRYI0uB1TBG5w 28278 www.grapevinewinebar.com
yIkLz1fz7wrrEb1fhoH6Uw 28278 www.grapeandagave.com
XHrdHR8lPP6VKQVnMUdlhw 28278 www.queencitycraftandgourmet.com
p0JWSKz7Sw1SHIr9sToMaw 28278 www.napakingsley.com
kUPlKgW6OLRw8_rrYtBV3A 28278 www.seaboardbrewing.com
SZ88QygottFtKHrk8XRvSQ 28280 www.deanssteakhouse.com
ATMiPNPxN-g1ra7nar5prA 28280 www.flemingssteakhouse.com
XZ3mhYC1L-0wK8N725I3Ig 28280 www.roxburynightclub.com
q0-7D4oXSiuue9hyUBezow 28280 www.carolinesoysterbar.com
5fquJHY2hMX9tPRD5s0t5g 28280 /biz_redir?url=https%3A%2F%2Froosterskitchen.com
TH_hGGgVIEBtexcpffZXgQ 28280 /biz_redir?url=https%3A%2F%2Flocations.harristeeter.com
csp7yhSDFkjdEKKGG7n6NA 28280 www.valhallapub.com
rLyJUCwMM1POt7RnFnSASg 28280 www.stokecharlotte.com
D9lD94DxHYi3lKBhLf_KCg 28280 www.thebellaciao.com
UN46P4ntMqqRzRIo5fRxjg 28280 www.reids.com
rv0-ZcAbWkvpomaK0BhQrA 28280 www.finandfino.com
csp7yhSDFkjdEKKGG7n6NA 28281 www.valhallapub.com
rv0-ZcAbWkvpomaK0BhQrA 28281 www.finandfino.com
UN46P4ntMqqRzRIo5fRxjg 28281 www.reids.com
D9lD94DxHYi3lKBhLf_KCg 28281 www.thebellaciao.com
ATMiPNPxN-g1ra7nar5prA 28281 www.flemingssteakhouse.com
XZ3mhYC1L-0wK8N725I3Ig 28281 www.roxburynightclub.com
rLyJUCwMM1POt7RnFnSASg 28281 www.stokecharlotte.com
UN46P4ntMqqRzRIo5fRxjg 28282 www.reids.com
XZ3mhYC1L-0wK8N725I3Ig 28282 www.roxburynightclub.com
SZ88QygottFtKHrk8XRvSQ 28282 www.deanssteakhouse.com
5fquJHY2hMX9tPRD5s0t5g 28282 /biz_redir?url=https%3A%2F%2Froosterskitchen.com
D9lD94DxHYi3lKBhLf_KCg 28282 www.thebellaciao.com
csp7yhSDFkjdEKKGG7n6NA 28282 www.valhallapub.com
ATMiPNPxN-g1ra7nar5prA 28282 www.flemingssteakhouse.com
rLyJUCwMM1POt7RnFnSASg 28282 www.stokecharlotte.com
q0-7D4oXSiuue9hyUBezow 28282 www.carolinesoysterbar.com
rv0-ZcAbWkvpomaK0BhQrA 28282 www.finandfino.com
rLyJUCwMM1POt7RnFnSASg 28284 www.stokecharlotte.com
D9lD94DxHYi3lKBhLf_KCg 28284 www.thebellaciao.com
XZ3mhYC1L-0wK8N725I3Ig 28284 www.roxburynightclub.com
ATMiPNPxN-g1ra7nar5prA 28284 www.flemingssteakhouse.com
csp7yhSDFkjdEKKGG7n6NA 28284 www.valhallapub.com
UN46P4ntMqqRzRIo5fRxjg 28285 www.reids.com
csp7yhSDFkjdEKKGG7n6NA 28285 www.valhallapub.com
SZ88QygottFtKHrk8XRvSQ 28285 www.deanssteakhouse.com
q0-7D4oXSiuue9hyUBezow 28285 www.carolinesoysterbar.com
rv0-ZcAbWkvpomaK0BhQrA 28285 www.finandfino.com
D9lD94DxHYi3lKBhLf_KCg 28285 www.thebellaciao.com
mdiTo1ovFCMy4-6_Y6I0rQ 28287 www.dilworthtr.com
PHhVmDYtI5Urtpd4hOKKiQ 28287 www.reids.com
XZ3mhYC1L-0wK8N725I3Ig 28288 www.roxburynightclub.com
XZ3mhYC1L-0wK8N725I3Ig 28289 www.roxburynightclub.com
XZ3mhYC1L-0wK8N725I3Ig 28290 www.roxburynightclub.com
XZ3mhYC1L-0wK8N725I3Ig 28296 www.roxburynightclub.com
_ABVTPkUnbCWgBmakmKXMw 28297 www.vinmastercharlotte.com
UMmM7RmhJeAVBtXmccFGrQ 28297 www.thehobbyistclt.com
8urzIDhe73N3NQ8slm1Ngg 28297 www.headwino.com
LSIUTl6SKopVjc_oR1OHVg 28297 www.goldenowltavern.com
LSv3e4b0Q5PNgNgRjo1uWA 28297 www.thecorkandcasknc.com
unZejbqN7f5K2zFDhoW66g 28297 www.bin110.com
KGbHEpZPwwZRrUzHBwkukA 28297 www.baravinsclt.com
6OkrUovbGdN-bQuyxXcF9Q 28297 www.thebohemianclt.com
q3SnhYHFj8PPixEiKvG7dg 28297 www.rosieswinegarden.com
1kr4ETK1zNnDQuS2teM_OA 28297 www.carbonationlkn.com
HvAlm4bVVtJbYtfzQwskDw 28297 /biz_redir?url=https%3A%2F%2Flocations.harristeeter.com
-WvZ8KTqgRnEvhRwzc-bvA 28297 www.Corkscrewwinepub.com
xOd7QPtJvFlUPj2dcvMIGw 28297 www.barcelonawinebar.com
xjPcUJgyJ78lhkoQuNxbZA 28297 www.theartisanpalate.com
rPwpZhrVsMngVgERNexZ5Q 28299 /biz_redir?url=https%3A%2F%2Flocations.harristeeter.com
S5c9C4BxutxPwpwYm5Aexw 28299 www.legionbrewing.com
6OkrUovbGdN-bQuyxXcF9Q 28299 www.thebohemianclt.com
